{
    "9": {
      "position": {
        "x": -1.6000000000000008,
        "y": 5.14999999999999,
        "z": -10.400000000000013
      },
      "rotation": {
        "x": -3.141592653589791,
        "y": 2.967059728390358,
        "z": 0
      },
      "scale": {
        "x": 2.99999999999998,
        "y": 2.99999999999998,
        "z": 2.99999999999998
      }
    },
    "10": {
      "position": {
        "x": -3.899999999999994,
        "y": 5.949999999999987,
        "z": -11.450000000000028
      },
      "rotation": {
        "x": -3.1415926535897913,
        "y": 2.7052603405912086,
        "z": 0
      },
      "scale": {
        "x": 2.99999999999998,
        "y": 2.99999999999998,
        "z": 2.99999999999998
      }
    },
    "11": {
      "position": {
        "x": -5.1999999999999895,
        "y": 4.749999999999991,
        "z": -9.199999999999996
      },
      "rotation": {
        "x": -3.141592653589791,
        "y": 2.44346095279206,
        "z": 0
      },
      "scale": {
        "x": 2.99999999999998,
        "y": 2.99999999999998,
        "z": 2.99999999999998
      }
    },
    "12": {
      "position": {
        "x": -7.299999999999982,
        "y": 5.4999999999999885,
        "z": -7.099999999999983
      },
      "rotation": {
        "x": -3.141592653589791,
        "y": 2.0943951023931944,
        "z": 0
      },
      "scale": {
        "x": 2.99999999999998,
        "y": 2.99999999999998,
        "z": 2.99999999999998
      }
    },
    "13": {
      "position": {
        "x": -6.799999999999984,
        "y": 5.799999999999987,
        "z": -7.599999999999981
      },
      "rotation": {
        "x": -3.141592653589791,
        "y": 2.0943951023931944,
        "z": 0
      },
      "scale": {
        "x": 2.99999999999998,
        "y": 2.99999999999998,
        "z": 2.99999999999998
      }
    },
    "14": {
      "position": {
        "x": -5.949999999999987,
        "y": 4.99999999999999,
        "z": -5.4999999999999885
      },
      "rotation": {
        "x": 3.141592653589791,
        "y": -4.363323129985821,
        "z": 0
      },
      "scale": {
        "x": 2.99999999999998,
        "y": 2.99999999999998,
        "z": 2.99999999999998
      }
    },
    "15": {
      "position": {
        "x": -4.199999999999993,
        "y": 6.0499999999999865,
        "z": -6.349999999999987
      },
      "rotation": {
        "x": 3.1415926535897913,
        "y": 2.007128639793478,
        "z": 0
      },
      "scale": {
        "x": 1.5000000000000009,
        "y": 1.5000000000000009,
        "z": 1.5000000000000009
      }
    }
  }