{
    "2": {
      "position": {
        "x": 4.199999999999993,
        "y": 6.149999999999986,
        "z": -6.349999999999987
      },
      "rotation": {
        "x": 3.1415926535897913,
        "y": -2.007128639793478,
        "z": 0
      },
      "scale": {
        "x": 1.5000000000000009,
        "y": 1.5000000000000009,
        "z": 1.5000000000000009
      }
    },
    "3": {
      "position": {
        "x": 5.949999999999987,
        "y": 5.14999999999999,
        "z": -5.4999999999999885
      },
      "rotation": {
        "x": 3.141592653589791,
        "y": 4.363323129985821,
        "z": 0
      },
      "scale": {
        "x": 2.99999999999998,
        "y": 2.99999999999998,
        "z": 2.99999999999998
      }
    },
    "4": {
      "position": {
        "x": 6.799999999999984,
        "y": 5.949999999999987,
        "z": -7.599999999999981
      },
      "rotation": {
        "x": -3.141592653589791,
        "y": -2.0943951023931944,
        "z": 0
      },
      "scale": {
        "x": 2.99999999999998,
        "y": 2.99999999999998,
        "z": 2.99999999999998
      }
    },
    "5": {
      "position": {
        "x": 7.299999999999982,
        "y": 5.649999999999988,
        "z": -7.099999999999983
      },
      "rotation": {
        "x": -3.141592653589791,
        "y": -2.0943951023931944,
        "z": 0
      },
      "scale": {
        "x": 2.99999999999998,
        "y": 2.99999999999998,
        "z": 2.99999999999998
      }
    },
    "6": {
      "position": {
        "x": 5.1999999999999895,
        "y": 4.799999999999991,
        "z": -9.199999999999996
      },
      "rotation": {
        "x": -3.141592653589791,
        "y": -2.44346095279206,
        "z": 0
      },
      "scale": {
        "x": 2.99999999999998,
        "y": 2.99999999999998,
        "z": 2.99999999999998
      }
    },
    "7": {
      "position": {
        "x": 3.899999999999994,
        "y": 5.949999999999987,
        "z": -11.450000000000028
      },
      "rotation": {
        "x": -3.1415926535897913,
        "y": -2.7052603405912086,
        "z": 0
      },
      "scale": {
        "x": 2.99999999999998,
        "y": 2.99999999999998,
        "z": 2.99999999999998
      }
    },
    "8": {
      "position": {
        "x": 1.6500000000000008,
        "y": 5.14999999999999,
        "z": -10.400000000000013
      },
      "rotation": {
        "x": -3.141592653589791,
        "y": -2.967059728390358,
        "z": 0
      },
      "scale": {
        "x": 2.99999999999998,
        "y": 2.99999999999998,
        "z": 2.99999999999998
      }
    },
    "9": {
      "position": {
        "x": -1.6500000000000008,
        "y": 5.14999999999999,
        "z": -10.400000000000013
      },
      "rotation": {
        "x": -3.141592653589791,
        "y": 2.967059728390358,
        "z": 0
      },
      "scale": {
        "x": 2.99999999999998,
        "y": 2.99999999999998,
        "z": 2.99999999999998
      }
    },
    "10": {
      "position": {
        "x": -3.899999999999994,
        "y": 5.949999999999987,
        "z": -11.450000000000028
      },
      "rotation": {
        "x": -3.1415926535897913,
        "y": 2.7052603405912086,
        "z": 0
      },
      "scale": {
        "x": 2.99999999999998,
        "y": 2.99999999999998,
        "z": 2.99999999999998
      }
    },
    "11": {
      "position": {
        "x": -5.1999999999999895,
        "y": 4.749999999999991,
        "z": -9.199999999999996
      },
      "rotation": {
        "x": -3.141592653589791,
        "y": 2.44346095279206,
        "z": 0
      },
      "scale": {
        "x": 2.99999999999998,
        "y": 2.99999999999998,
        "z": 2.99999999999998
      }
    },
    "12": {
      "position": {
        "x": -7.299999999999982,
        "y": 5.599999999999988,
        "z": -7.099999999999983
      },
      "rotation": {
        "x": -3.141592653589791,
        "y": 2.0943951023931944,
        "z": 0
      },
      "scale": {
        "x": 2.99999999999998,
        "y": 2.99999999999998,
        "z": 2.99999999999998
      }
    },
    "13": {
      "position": {
        "x": -6.799999999999984,
        "y": 5.949999999999987,
        "z": -7.599999999999981
      },
      "rotation": {
        "x": -3.141592653589791,
        "y": 2.0943951023931944,
        "z": 0
      },
      "scale": {
        "x": 2.99999999999998,
        "y": 2.99999999999998,
        "z": 2.99999999999998
      }
    },
    "14": {
      "position": {
        "x": -5.949999999999987,
        "y": 5.1999999999999895,
        "z": -5.4999999999999885
      },
      "rotation": {
        "x": 3.141592653589791,
        "y": -4.363323129985821,
        "z": 0
      },
      "scale": {
        "x": 2.99999999999998,
        "y": 2.99999999999998,
        "z": 2.99999999999998
      }
    },
    "15": {
      "position": {
        "x": -4.199999999999993,
        "y": 6.099999999999986,
        "z": -6.349999999999987
      },
      "rotation": {
        "x": 3.1415926535897913,
        "y": 2.007128639793478,
        "z": 0
      },
      "scale": {
        "x": 1.5000000000000009,
        "y": 1.5000000000000009,
        "z": 1.5000000000000009
      }
    },
    "18": {
      "position": {
        "x": 0.5999999999999999,
        "y": -3.4999999999999956,
        "z": -4.299999999999993
      },
      "rotation": {
        "x": 0,
        "y": -0.7853981633974483,
        "z": 0
      },
      "scale": {
        "x": 1.0000000000000007,
        "y": 1.0000000000000007,
        "z": 1.0000000000000007
      }
    },
    "19": {
      "position": {
        "x": -0.7999999999999998,
        "y": -3.999999999999994,
        "z": -4.699999999999991
      },
      "rotation": {
        "x": 0,
        "y": -0.08726646259971689,
        "z": 0.08726646259971647
      },
      "scale": {
        "x": 1.0000000000000007,
        "y": 1.0000000000000007,
        "z": 1.0000000000000007
      }
    },
    "20": {
      "position": {
        "x": -6.799999999999984,
        "y": -4.599999999999992,
        "z": -5.799999999999988
      },
      "rotation": {
        "x": 0,
        "y": -5.759586531581283,
        "z": 0
      },
      "scale": {
        "x": 1.5000000000000009,
        "y": 1.5000000000000009,
        "z": 1.5000000000000009
      }
    },
    "21": {
      "position": {
        "x": -8.09999999999998,
        "y": -3.899999999999994,
        "z": -1.8999999999999997
      },
      "rotation": {
        "x": 0,
        "y": -5.235987755982984,
        "z": 0
      },
      "scale": {
        "x": 2.99999999999998,
        "y": 2.99999999999998,
        "z": 2.99999999999998
      }
    },
    "22": {
      "position": {
        "x": -8.299999999999983,
        "y": -3.7999999999999945,
        "z": 1.4000000000000008
      },
      "rotation": {
        "x": 0,
        "y": -4.712388980384685,
        "z": 0
      },
      "scale": {
        "x": 2.99999999999998,
        "y": 2.99999999999998,
        "z": 2.99999999999998
      }
    },
    "23": {
      "position": {
        "x": -5.649999999999988,
        "y": -4.149999999999994,
        "z": 8.249999999999982
      },
      "rotation": {
        "x": 0,
        "y": -3.7524578917878055,
        "z": 0
      },
      "scale": {
        "x": 2.99999999999998,
        "y": 2.99999999999998,
        "z": 2.99999999999998
      }
    },
    "24": {
      "position": {
        "x": -4.5999999999999925,
        "y": -4.399999999999992,
        "z": 9.55
      },
      "rotation": {
        "x": 0,
        "y": -3.6651914291880896,
        "z": 0
      },